{
    "v1": {
        "x": 1.0,
        "y": 2.0,
        "z": 3.0
    },
    "v2": {
        "x": 4.0,
        "y": 5.0,
        "z": 6.0
    },
    "v1 + v2": {
        "x": 5.0,
        "y": 7.0,
        "z": 9.0
    },
    "v1 - v2": {
        "x": -3.0,
        "y": -3.0,
        "z": -3.0
    },
    "v1 dot v2": 32.0,
    "v1 cross v2": {
        "x": -3.0,
        "y": 6.0,
        "z": -3.0
    },
    "v1 magnitude": 3.7416573867739413,
    "v1 normalized": {
        "x": 0.2672612419124244,
        "y": 0.5345224838248488,
        "z": 0.8017837257372732
    }
}